{"cameraMode":{"drawMode":0,"name":"Shaded","section":"Shading Mode"},"sceneLighting":true,"audioPlay":false,"sceneViewState":{"showFog":true,"showMaterialUpdate":false,"showSkybox":true,"showFlares":true,"showImageEffects":true,"showParticleSystems":true,"showVisualEffectGraphs":true,"m_FxEnabled":true},"in2DMode":false,"pivot":{"x":-0.9590675234794617,"y":-10.387545585632325,"z":15.062789916992188},"rotation":{"x":-0.2886022925376892,"y":0.016367826610803605,"z":-0.004937479272484779,"w":-0.9573009610176086},"size":21.295955657958986,"orthographic":false}